customer_id,name,email,address,Delivery_City,Zip_Code
(309) 502-1004,Mia Smith,miasmith@gmail.com,665 Elm St,miami,33132
(309) 505-1011,James Garcia,jamesgarcia@hotmail.com,384 Oak Ave,miami,33125
(309) 502-1022,Daniel Bautista,danielbautista@google.com,660 Elm St,miami,33101
(305) 510-1022,Amelia Ramírez,ameliaramírez@gmail.com,194 Cedar Ln,miami,33136
(306) 500-1009,Alice Cruz,alicecruz@gmail.com,471 Birch Blvd,miami,33136
(307) 510-1022,Charlie Adams,charlieadams@gmail.com,515 Oak Ave,miami,33136
(307) 509-1002,James Gutiérrez,jamesgutiérrez@gmail.com,213 Cedar Ln,miami,33145
(305) 511-1011,Benjamin Lee,benjaminlee@hotmail.com,944 Main St,miami,33130
(306) 511-1006,Charlie Vázquez,charlievázquez@google.com,184 Oak Ave,miami,33136
(310) 511-1004,Liam Sánchez,liamsánchez@google.com,115 Willow Way,miami,33130
(305) 505-1007,Scarlett Martin,scarlettmartin@google.com,716 Birch Blvd,miami,33125
(308) 506-1006,David Baker,davidbaker@gmail.com,255 Cherry Ct,miami,33156
(308) 500-1017,Emma Green,emmagreen@gmail.com,692 Elm St,miami,33142
(306) 506-1012,Alexander White,alexanderwhite@google.com,422 Cedar Ln,miami,33136
(307) 505-1001,,,164 Main St,miami,33136
(306) 510-1012,Matthew Wilson,matthewwilson@gmail.com,551 Oak Ave,miami,33142
(305) 510-1001,William Díaz,williamdíaz@google.com,456 Elm St,miami,33125
(306) 509-1019,Chloe Carter,chloecarter@google.com,466 Cedar Ln,miami,33145
(310) 510-1007,Liam Scott,liamscott@gmail.com,656 Main St,miami,33145
(309) 501-1007,Ethan Sánchez,ethansánchez@hotmail.com,280 Willow Way,miami,33132
(310) 507-1008,Charlotte Guerrero,charlotteguerrero@hotmail.com,384 Elm St,miami,33150
(306) 503-1003,David Lee,davidlee@gmail.com,149 Elm St,miami,33156
(305) 508-1010,Daniel Bautista,danielbautista@google.com,,miami,33136
(306) 502-1005,,,546 Birch Blvd,miami,33136
(305) 502-1004,Henry Castro,henrycastro@gmail.com,961 Birch Blvd,miami,33156
(308) 503-1005,Amelia Walker,ameliawalker@hotmail.com,504 Willow Way,miami,33101
(307) 501-1006,Ethan Thompson,ethanthompson@google.com,311 Birch Blvd,miami,33145
(305) 506-1000,Matthew Davis,matthewdavis@hotmail.com,621 Cedar Ln,miami,33132
(306) 509-1014,Jack Flores,jackflores@gmail.com,183 Willow Way,miami,33132
(309) 505-1013,Liam Johnson,liamjohnson@gmail.com,,miami,33130
(307) 507-1016,Scarlett Ruiz,scarlettruiz@gmail.com,,miami,33147
(308) 503-1021,Daniel Brown,danielbrown@gmail.com,903 Oak Ave,miami,33125
(307) 509-1017,Matthew Cruz,matthewcruz@google.com,711 Cherry Ct,miami,33147
(306) 510-1011,David Young,davidyoung@google.com,,miami,33142
(309) 507-1001,Avery Ríos,averyríos@hotmail.com,468 Elm St,miami,33150
(305) 502-1014,Jack Johnson,jackjohnson@hotmail.com,,miami,33147
(309) 505-1002,,,791 Main St,miami,33145
(309) 509-1014,Avery Roberts,averyroberts@google.com,442 Maple Dr,miami,33142
(305) 500-1003,Emma Williams,emmawilliams@google.com,154 Cedar Ln,miami,33142
(307) 511-1007,,,663 Birch Blvd,miami,33125
(306) 509-1004,Isabella Martinez,isabellamartinez@google.com,157 Oak Ave,miami,33150
(306) 511-1018,Mia Flores,miaflores@google.com,911 Birch Blvd,miami,33101
(310) 501-1006,Matthew Wilson,matthewwilson@gmail.com,850 Cedar Ln,miami,33147
(307) 504-1017,Avery Garcia,averygarcia@hotmail.com,382 Cherry Ct,miami,33147
(306) 509-1017,Ella Young,ellayoung@hotmail.com,232 Cherry Ct,miami,33136
(310) 511-1000,Samuel Roberts,samuelroberts@hotmail.com,609 Elm St,miami,33125
(305) 508-1018,,,216 Willow Way,miami,33132
(307) 510-1001,Chloe Smith,chloesmith@hotmail.com,677 Oak Ave,miami,33136
(310) 500-1004,Ethan Jiménez,ethanjiménez@google.com,840 Cedar Ln,miami,33142
(306) 508-1012,David Rivera,davidrivera@google.com,815 Oak Ave,miami,33130
(305) 502-1005,Zoe Davis,zoedavis@google.com,743 Oak Ave,miami,33156
(309) 503-1019,Ella Ramírez,ellaramírez@hotmail.com,724 Pine Rd,miami,33101
(306) 502-1006,,,320 Maple Dr,miami,33150
(306) 505-1022,Eve Martin,evemartin@gmail.com,363 Maple Dr,miami,33132
(308) 507-1019,Bob Mendoza,bobmendoza@google.com,689 Birch Blvd,miami,33130
(307) 504-1008,Liam Green,liamgreen@hotmail.com,487 Willow Way,miami,33136
(309) 510-1001,Zoe Young,zoeyoung@hotmail.com,614 Elm St,miami,33150
(307) 501-1008,John Guerrero,johnguerrero@google.com,,miami,33136
(305) 509-1003,Ethan Guerrero,ethanguerrero@google.com,112 Main St,miami,33150
(309) 509-1010,Chloe Ramírez,chloeramírez@google.com,,miami,33150
(309) 503-1020,Ella Baker,ellabaker@hotmail.com,668 Cherry Ct,miami,33125
(310) 505-1006,Olivia White,oliviawhite@gmail.com,164 Birch Blvd,miami,33136
(309) 504-1003,Avery Cruz,averycruz@google.com,407 Maple Dr,miami,33125
(308) 505-1020,Benjamin Baker,benjaminbaker@gmail.com,426 Willow Way,miami,33147
(309) 506-1002,Jack Castro,jackcastro@google.com,837 Main St,miami,33150
(305) 506-1005,James Baker,jamesbaker@hotmail.com,186 Birch Blvd,miami,33147
(307) 500-1014,Liam Díaz,liamdíaz@google.com,,miami,33132
(305) 507-1014,Matthew Castro,matthewcastro@hotmail.com,978 Willow Way,miami,33132
(305) 509-1009,Chloe Guerrero,chloeguerrero@gmail.com,213 Main St,miami,33136
(306) 509-1015,James Guerrero,jamesguerrero@hotmail.com,,miami,33147
(310) 508-1020,Amelia Bautista,ameliabautista@google.com,,miami,33150
(310) 503-1011,James Mendoza,jamesmendoza@gmail.com,642 Elm St,miami,33101
(308) 511-1016,James Allen,jamesallen@hotmail.com,740 Willow Way,miami,33136
(306) 507-1010,Daniel Serrano,danielserrano@hotmail.com,,miami,33156
(307) 500-1013,Eve Scott,evescott@gmail.com,607 Elm St,miami,33145
(308) 500-1013,Henry Torres,henrytorres@gmail.com,509 Pine Rd,miami,33136
(307) 509-1009,Chloe Rivera,chloerivera@hotmail.com,784 Willow Way,miami,33145
(305) 511-1013,,,,miami,33142
(308) 504-1018,,,414 Willow Way,miami,33156
(307) 502-1014,Samuel King,samuelking@google.com,648 Cedar Ln,miami,33130
(305) 507-1015,Alexander Young,alexanderyoung@hotmail.com,,miami,33145
(309) 506-1010,Amelia Garcia,ameliagarcia@google.com,862 Willow Way,miami,33147
(310) 507-1000,,,840 Elm St,miami,33132
(308) 505-1000,Ethan Sánchez,ethansánchez@gmail.com,367 Oak Ave,miami,33150
(306) 505-1001,Ethan Castro,ethancastro@google.com,219 Willow Way,miami,33142
(310) 510-1010,Zoe Harris,zoeharris@gmail.com,631 Birch Blvd,miami,33147
(305) 503-1009,,,743 Cherry Ct,miami,33150
(307) 502-1001,Matthew Ruiz,matthewruiz@google.com,593 Birch Blvd,miami,33101
(310) 510-1002,Eve Garcia,evegarcia@google.com,936 Birch Blvd,miami,33156
(306) 511-1000,Chloe Ruiz,chloeruiz@hotmail.com,963 Cedar Ln,miami,33147
(308) 505-1009,Emma Davis,emmadavis@google.com,380 Elm St,miami,33130
(309) 502-1011,Jack Miller,jackmiller@gmail.com,220 Willow Way,miami,33150
(310) 510-1008,Avery Jones,averyjones@hotmail.com,653 Main St,miami,33125
(309) 510-1015,,,683 Willow Way,miami,33125
(309) 509-1019,Daniel Gutiérrez,danielgutiérrez@google.com,,miami,33156
(306) 507-1022,Henry Jones,henryjones@google.com,633 Elm St,miami,33101
(306) 503-1020,Grace Garcia,gracegarcia@google.com,961 Willow Way,miami,33150
(305) 502-1017,Samuel Martin,samuelmartin@hotmail.com,859 Cherry Ct,miami,33145
(310) 503-1000,Samuel Allen,samuelallen@hotmail.com,617 Maple Dr,miami,33136
(307) 502-1000,James Green,jamesgreen@google.com,954 Cherry Ct,miami,33142
(309) 505-1012,Eve Mendoza,evemendoza@google.com,655 Main St,miami,33142
(308) 504-1019,Charlie Walker,charliewalker@hotmail.com,243 Pine Rd,miami,33136
(310) 500-1015,,,541 Cedar Ln,miami,33156
(305) 509-1005,,,918 Cedar Ln,miami,33145
(306) 502-1004,William White,williamwhite@google.com,932 Oak Ave,miami,33125
(308) 502-1009,John Wilson,johnwilson@hotmail.com,284 Cedar Ln,miami,33101
(308) 509-1006,Daniel Jackson,danieljackson@hotmail.com,131 Elm St,miami,33150
(309) 501-1017,Liam Castro,liamcastro@google.com,,miami,33101
(305) 508-1022,Ethan Díaz,ethandíaz@hotmail.com,317 Cedar Ln,miami,33125
(306) 504-1004,Matthew Ruiz,matthewruiz@google.com,,miami,33130
(305) 501-1012,Samuel Martinez,samuelmartinez@gmail.com,404 Cedar Ln,miami,33132
(305) 509-1021,Mia Vázquez,miavázquez@gmail.com,,miami,33147
(310) 510-1006,Ella King,ellaking@google.com,947 Birch Blvd,miami,33145
(309) 501-1009,Grace Jones,gracejones@hotmail.com,661 Cherry Ct,miami,33150
(309) 508-1019,David Serrano,davidserrano@gmail.com,518 Pine Rd,miami,33147
(308) 506-1010,,,593 Cherry Ct,miami,33130
(306) 501-1019,David Castro,davidcastro@google.com,172 Elm St,miami,33125
(308) 510-1006,John Green,johngreen@hotmail.com,157 Cedar Ln,miami,33132
(306) 505-1005,Alexander Baker,alexanderbaker@gmail.com,540 Maple Dr,miami,33142
(306) 506-1001,Ethan Ruiz,ethanruiz@gmail.com,327 Main St,miami,33130
(309) 504-1014,Charlie Alvarez,charliealvarez@gmail.com,283 Cherry Ct,miami,33150
(305) 502-1003,Olivia Reyes,oliviareyes@gmail.com,344 Cherry Ct,miami,33132
(310) 502-1008,Isabella Gutiérrez,isabellagutiérrez@hotmail.com,288 Main St,miami,33145
(309) 505-1021,Scarlett Walker,scarlettwalker@gmail.com,,miami,33150
(309) 504-1019,John Torres,johntorres@hotmail.com,628 Cherry Ct,miami,33125
(305) 509-1002,Daniel Carter,danielcarter@google.com,458 Elm St,miami,33136
(310) 507-1017,William King,williamking@google.com,630 Willow Way,miami,33130
(309) 511-1016,Henry Castro,henrycastro@google.com,997 Elm St,miami,33156
(305) 507-1008,Eve Ortega,eveortega@gmail.com,,miami,33130
(305) 503-1005,Mia Vázquez,miavázquez@hotmail.com,699 Oak Ave,miami,33130
(305) 507-1000,,,909 Pine Rd,miami,33101
(306) 511-1009,Benjamin Ortega,benjaminortega@hotmail.com,363 Elm St,miami,33132
(309) 502-1013,Matthew Jackson,matthewjackson@gmail.com,636 Maple Dr,miami,33156
(309) 511-1002,,,,miami,33142
(306) 501-1008,James Johnson,jamesjohnson@gmail.com,364 Main St,miami,33101
(310) 501-1019,James Walker,jameswalker@hotmail.com,130 Elm St,miami,33147
(309) 509-1018,Henry Baker,henrybaker@google.com,143 Main St,miami,33145
(308) 502-1012,John Martin,johnmartin@google.com,403 Cedar Ln,miami,33147
(307) 506-1021,Jack Roberts,jackroberts@gmail.com,812 Cherry Ct,miami,33132
(308) 500-1012,John Green,johngreen@gmail.com,691 Cedar Ln,miami,33150
(309) 510-1017,Ethan Garcia,ethangarcia@google.com,359 Oak Ave,miami,33136
(309) 508-1022,Grace Davis,gracedavis@google.com,571 Cherry Ct,miami,33150
(308) 509-1015,,,477 Willow Way,miami,33132
(307) 510-1004,Liam Gutiérrez,liamgutiérrez@gmail.com,290 Cedar Ln,miami,33145
(307) 506-1003,Matthew Carter,matthewcarter@gmail.com,937 Maple Dr,miami,33147
(306) 500-1022,Jack Lee,jacklee@gmail.com,344 Maple Dr,miami,33156
(306) 507-1015,Alexander Cruz,alexandercruz@google.com,836 Pine Rd,miami,33145
(310) 501-1016,Zoe Thompson,zoethompson@google.com,443 Cherry Ct,miami,33132
(310) 510-1012,Chloe Scott,chloescott@gmail.com,253 Cedar Ln,miami,33147
(306) 505-1003,David Harris,davidharris@google.com,776 Pine Rd,miami,33142
(310) 503-1001,Benjamin White,benjaminwhite@gmail.com,754 Birch Blvd,miami,33156
(307) 501-1010,James King,jamesking@google.com,105 Cherry Ct,miami,33142
(309) 500-1010,David Baker,davidbaker@hotmail.com,124 Elm St,miami,33130
(309) 511-1014,Bob Williams,bobwilliams@gmail.com,823 Cherry Ct,miami,33147
(305) 507-1004,Olivia Sánchez,oliviasánchez@gmail.com,970 Willow Way,miami,33132
(310) 506-1002,,,,miami,33130
(310) 511-1002,,,547 Cherry Ct,miami,33125
(307) 506-1001,Ella Lee,ellalee@hotmail.com,186 Willow Way,miami,33156
(307) 510-1005,Liam Jiménez,liamjiménez@hotmail.com,427 Maple Dr,miami,33147
(308) 511-1007,Charlie Alvarez,charliealvarez@google.com,892 Maple Dr,miami,33136
(310) 504-1014,Chloe Green,chloegreen@google.com,,miami,33101
(308) 506-1000,Matthew Ortega,matthewortega@hotmail.com,648 Elm St,miami,33145
(307) 506-1019,,,741 Cedar Ln,miami,33132
(310) 504-1022,Samuel Rivera,samuelrivera@gmail.com,911 Cedar Ln,miami,33136
(305) 510-1003,,,492 Cedar Ln,miami,33125
(310) 506-1006,Eve Adams,eveadams@hotmail.com,178 Elm St,miami,33125
(305) 502-1007,Charlotte Harris,charlotteharris@gmail.com,500 Pine Rd,miami,33132
(310) 507-1001,Liam Brown,liambrown@gmail.com,918 Pine Rd,miami,33125
(310) 506-1003,Ella Allen,ellaallen@gmail.com,865 Oak Ave,miami,33130
(306) 501-1021,Amelia Mendoza,ameliamendoza@google.com,,miami,33142
(308) 505-1011,Ethan Gutiérrez,ethangutiérrez@hotmail.com,597 Willow Way,miami,33132
(310) 506-1018,William Brown,williambrown@gmail.com,856 Pine Rd,miami,33136
(307) 504-1001,,,639 Pine Rd,miami,33150
(307) 509-1006,Samuel Díaz,samueldíaz@hotmail.com,173 Main St,miami,33136
(308) 509-1014,Ella Ramírez,ellaramírez@gmail.com,398 Main St,miami,33145
(307) 507-1005,Ethan Smith,ethansmith@google.com,,miami,33156
(310) 511-1019,Bob Jiménez,bobjiménez@gmail.com,551 Oak Ave,miami,33132
(306) 510-1006,,,,miami,33101
(310) 500-1000,William Rivera,williamrivera@hotmail.com,684 Maple Dr,miami,33136
(309) 508-1004,Alice Wilson,alicewilson@gmail.com,676 Oak Ave,miami,33147
(308) 503-1020,Grace Ríos,graceríos@gmail.com,455 Elm St,miami,33142
(309) 510-1013,Charlotte Gutiérrez,charlottegutiérrez@google.com,965 Oak Ave,miami,33150
(309) 501-1002,Ethan Ramírez,ethanramírez@gmail.com,793 Pine Rd,miami,33132
(306) 504-1015,Charlie Morales,charliemorales@gmail.com,,miami,33136
(307) 502-1020,,,754 Elm St,miami,33142
(307) 502-1022,Zoe Díaz,zoedíaz@gmail.com,764 Cedar Ln,miami,33145
(306) 510-1013,Scarlett Serrano,scarlettserrano@google.com,221 Cedar Ln,miami,33150
(310) 504-1001,David Smith,davidsmith@gmail.com,658 Pine Rd,miami,33101
(308) 500-1021,Matthew Green,matthewgreen@gmail.com,862 Elm St,miami,33156
(305) 509-1022,Bob Johnson,bobjohnson@google.com,946 Maple Dr,miami,33132
(305) 504-1016,Eve Walker,evewalker@gmail.com,869 Pine Rd,miami,33136
(308) 510-1020,Chloe Bautista,chloebautista@google.com,675 Willow Way,miami,33130
(310) 511-1020,Liam Morales,liammorales@hotmail.com,338 Cedar Ln,miami,33101
(307) 510-1011,Bob Flores,bobflores@gmail.com,892 Cedar Ln,miami,33147
(305) 505-1015,Benjamin Ríos,benjaminríos@gmail.com,102 Willow Way,miami,33125
(309) 504-1000,Daniel Rivera,danielrivera@hotmail.com,188 Main St,miami,33136
(310) 510-1018,Liam Allen,liamallen@hotmail.com,,miami,33125
(308) 505-1021,Bob Jackson,bobjackson@gmail.com,140 Willow Way,miami,33130
(309) 505-1006,Avery Walker,averywalker@hotmail.com,,miami,33125
(306) 502-1017,Charlotte Rivera,charlotterivera@google.com,482 Cherry Ct,miami,33125
(307) 507-1003,Alexander Jackson,alexanderjackson@gmail.com,,miami,33125
(308) 506-1002,,,441 Main St,miami,33136
(308) 503-1013,Liam Garcia,liamgarcia@google.com,,miami,33132
(307) 502-1021,,,898 Maple Dr,miami,33147
(309) 505-1005,Benjamin Baker,benjaminbaker@hotmail.com,249 Willow Way,miami,33142
(306) 506-1017,Ella Smith,ellasmith@google.com,320 Oak Ave,miami,33136
(306) 506-1011,Charlie White,charliewhite@google.com,813 Cherry Ct,miami,33150
(309) 507-1015,Amelia Guerrero,ameliaguerrero@gmail.com,615 Birch Blvd,miami,33132
(305) 501-1013,Ethan Johnson,ethanjohnson@hotmail.com,730 Main St,miami,33136
(309) 508-1013,Avery Williams,averywilliams@gmail.com,946 Elm St,miami,33156
(306) 500-1004,Benjamin Scott,benjaminscott@hotmail.com,711 Cherry Ct,miami,33125
(310) 503-1021,Henry Morales,henrymorales@google.com,,miami,33101
(309) 506-1015,,,977 Main St,miami,33125
(305) 510-1013,Emma Chavez,emmachavez@gmail.com,472 Birch Blvd,miami,33147
(306) 511-1019,Eve Johnson,evejohnson@google.com,,miami,33130
(309) 503-1013,Jack Smith,jacksmith@hotmail.com,191 Main St,miami,33136
(307) 510-1010,Alice Smith,alicesmith@hotmail.com,298 Birch Blvd,miami,33150
(305) 510-1002,Isabella Jackson,isabellajackson@gmail.com,729 Oak Ave,miami,33145
(310) 505-1009,,,158 Willow Way,miami,33142
(307) 503-1000,Charlie Davis,charliedavis@hotmail.com,193 Oak Ave,miami,33147
(306) 504-1010,,,726 Cedar Ln,miami,33156
(307) 501-1015,Scarlett Flores,scarlettflores@gmail.com,269 Pine Rd,miami,33150
(307) 508-1017,Eve Scott,evescott@gmail.com,567 Cherry Ct,miami,33132
(306) 504-1009,Olivia Reyes,oliviareyes@google.com,455 Birch Blvd,miami,33130
(308) 508-1007,William Mendoza,williammendoza@gmail.com,422 Elm St,miami,33142
(305) 511-1005,Avery Walker,averywalker@gmail.com,704 Elm St,miami,33101
(307) 500-1010,Daniel Serrano,danielserrano@hotmail.com,291 Maple Dr,miami,33130
(308) 506-1017,Samuel Davis,samueldavis@hotmail.com,577 Oak Ave,miami,33156
(309) 507-1007,Jack White,jackwhite@google.com,532 Pine Rd,miami,33145
(306) 511-1016,Jack Garcia,jackgarcia@hotmail.com,355 Main St,miami,33125
(305) 503-1003,John Davis,johndavis@google.com,681 Willow Way,miami,33150
(305) 509-1013,Liam Gutiérrez,liamgutiérrez@google.com,914 Cherry Ct,miami,33136
(309) 510-1009,Chloe Ríos,chloeríos@gmail.com,412 Cedar Ln,miami,33147
(305) 510-1004,Jack Jackson,jackjackson@gmail.com,282 Main St,miami,33136
(308) 509-1010,Mia Mendoza,miamendoza@gmail.com,439 Elm St,miami,33150
(305) 504-1003,,,249 Oak Ave,miami,33147
(306) 504-1005,Samuel Ortega,samuelortega@hotmail.com,793 Cedar Ln,miami,33101
(309) 502-1016,Bob Miller,bobmiller@google.com,752 Main St,miami,33150
(306) 503-1021,Henry Alvarez,henryalvarez@gmail.com,890 Pine Rd,miami,33125
(308) 507-1004,Bob Vázquez,bobvázquez@gmail.com,805 Main St,miami,33101
(307) 507-1015,,,172 Birch Blvd,miami,33136
(308) 501-1004,Charlie Brown,charliebrown@google.com,861 Birch Blvd,miami,33150
(310) 503-1004,James Vázquez,jamesvázquez@hotmail.com,858 Cedar Ln,miami,33145
(308) 503-1007,Daniel Allen,danielallen@google.com,224 Main St,miami,33156
(307) 507-1022,Benjamin Jiménez,benjaminjiménez@gmail.com,286 Cedar Ln,miami,33101
(308) 510-1022,,,993 Birch Blvd,miami,33145
(308) 506-1011,William Adams,williamadams@gmail.com,836 Main St,miami,33101
(305) 500-1002,,,912 Birch Blvd,miami,33142
(308) 509-1002,Liam Johnson,liamjohnson@hotmail.com,589 Cedar Ln,miami,33136
(307) 505-1003,Charlie King,charlieking@hotmail.com,715 Main St,miami,33136
(307) 504-1021,David Díaz,daviddíaz@gmail.com,874 Elm St,miami,33142
(310) 503-1015,John Serrano,johnserrano@hotmail.com,229 Cherry Ct,miami,33101
(305) 505-1008,Henry Roberts,henryroberts@hotmail.com,429 Main St,miami,33145
(310) 502-1019,David Roberts,davidroberts@gmail.com,109 Birch Blvd,miami,33132
(310) 511-1001,,,567 Cherry Ct,miami,33130
(310) 502-1014,Charlotte Cruz,charlottecruz@gmail.com,510 Oak Ave,miami,33150
(307) 510-1016,Mia Serrano,miaserrano@hotmail.com,584 Willow Way,miami,33136
(305) 507-1006,Alexander Bautista,alexanderbautista@hotmail.com,,miami,33101
(307) 511-1013,Ella Walker,ellawalker@gmail.com,247 Cedar Ln,miami,33125
(305) 506-1022,William Morales,williammorales@hotmail.com,224 Willow Way,miami,33136
(305) 511-1020,Alice Young,aliceyoung@gmail.com,387 Cherry Ct,miami,33130
(305) 508-1004,Isabella Carter,isabellacarter@gmail.com,,miami,33150
(306) 505-1020,Bob Roberts,bobroberts@hotmail.com,390 Main St,miami,33130
(306) 507-1013,,,936 Main St,miami,33136
(307) 501-1002,Liam Scott,liamscott@google.com,,miami,33156
(306) 504-1011,Samuel White,samuelwhite@google.com,284 Pine Rd,miami,33145
(305) 510-1015,Isabella Sánchez,isabellasánchez@hotmail.com,595 Birch Blvd,miami,33125
(308) 502-1000,Alice Brown,alicebrown@hotmail.com,474 Main St,miami,33147
(308) 501-1019,James Brown,jamesbrown@gmail.com,670 Maple Dr,miami,33145
(308) 507-1017,Charlie Jiménez,charliejiménez@gmail.com,,miami,33125
(307) 509-1003,Olivia Garcia,oliviagarcia@google.com,573 Willow Way,miami,33132
(307) 507-1014,Daniel Wilson,danielwilson@google.com,771 Birch Blvd,miami,33136
(308) 508-1009,,,737 Cherry Ct,miami,33145
(305) 511-1015,Zoe Smith,zoesmith@hotmail.com,186 Birch Blvd,miami,33145
(306) 506-1020,Jack Green,jackgreen@gmail.com,,miami,33130
(308) 500-1019,Isabella Ramírez,isabellaramírez@gmail.com,152 Pine Rd,miami,33147
(305) 508-1001,,,372 Main St,miami,33147
(309) 510-1002,Alexander Walker,alexanderwalker@google.com,,miami,33156
(305) 504-1014,Chloe Ríos,chloeríos@google.com,768 Birch Blvd,miami,33130
(308) 507-1011,Emma Williams,emmawilliams@gmail.com,773 Elm St,miami,33132
(307) 508-1010,Liam Cruz,liamcruz@gmail.com,260 Elm St,miami,33150
(307) 502-1015,,,,miami,33156
(305) 510-1017,Daniel King,danielking@google.com,,miami,33156
(305) 503-1007,Benjamin Vázquez,benjaminvázquez@google.com,231 Birch Blvd,miami,33156
(308) 510-1013,,,771 Birch Blvd,miami,33156
(305) 500-1016,,,270 Main St,miami,33130
(305) 510-1011,Scarlett Smith,scarlettsmith@gmail.com,420 Main St,miami,33136
(308) 503-1011,Avery Serrano,averyserrano@hotmail.com,288 Cedar Ln,miami,33156
(309) 501-1021,Charlotte Rivera,charlotterivera@gmail.com,,miami,33156
(309) 507-1002,Grace Flores,graceflores@gmail.com,,miami,33156
(310) 508-1012,,,371 Oak Ave,miami,33125
(306) 500-1018,Alexander Johnson,alexanderjohnson@gmail.com,779 Pine Rd,miami,33132
(306) 505-1006,Benjamin Harris,benjaminharris@hotmail.com,350 Birch Blvd,miami,33156
(310) 506-1010,Charlotte Roberts,charlotteroberts@hotmail.com,381 Pine Rd,miami,33150
(307) 511-1018,Charlotte Baker,charlottebaker@gmail.com,795 Maple Dr,miami,33150
(308) 508-1013,James Scott,jamesscott@google.com,751 Main St,miami,33156
(305) 504-1012,William Gutiérrez,williamgutiérrez@google.com,967 Cherry Ct,miami,33130
(305) 508-1012,Zoe Ramírez,zoeramírez@gmail.com,853 Oak Ave,miami,33142
(305) 502-1008,Chloe Roberts,chloeroberts@google.com,,miami,33132
(306) 506-1003,Avery Wilson,averywilson@gmail.com,891 Oak Ave,miami,33156
(309) 510-1010,Zoe Ortega,zoeortega@hotmail.com,886 Main St,miami,33150
(310) 507-1002,Eve Williams,evewilliams@hotmail.com,696 Pine Rd,miami,33147
(306) 511-1014,,,569 Cherry Ct,miami,33145
(306) 506-1010,Isabella Flores,isabellaflores@gmail.com,903 Maple Dr,miami,33147
(307) 505-1008,William King,williamking@google.com,381 Oak Ave,miami,33136
(307) 506-1004,,,742 Willow Way,miami,33132
(308) 502-1019,Samuel Cruz,samuelcruz@google.com,287 Cedar Ln,miami,33150
(306) 502-1000,Henry Rivera,henryrivera@google.com,,miami,33125
(307) 511-1000,Avery Williams,averywilliams@google.com,334 Oak Ave,miami,33132
(305) 508-1015,Alice Chavez,alicechavez@hotmail.com,314 Willow Way,miami,33145
(310) 504-1020,,,599 Elm St,miami,33142
(307) 502-1003,Zoe Allen,zoeallen@hotmail.com,883 Maple Dr,miami,33101
(309) 511-1008,Matthew Davis,matthewdavis@hotmail.com,754 Birch Blvd,miami,33150
(309) 500-1003,David Johnson,davidjohnson@gmail.com,913 Birch Blvd,miami,33145
(310) 508-1022,Ella Smith,ellasmith@hotmail.com,243 Willow Way,miami,33101
(305) 508-1007,,,423 Oak Ave,miami,33136
(307) 509-1004,,,,miami,33150
(305) 506-1011,Ella Lee,ellalee@hotmail.com,161 Pine Rd,miami,33147
(306) 506-1006,Liam Guerrero,liamguerrero@hotmail.com,555 Cedar Ln,miami,33130
(310) 505-1002,Alice Ríos,aliceríos@hotmail.com,393 Birch Blvd,miami,33142
(308) 500-1002,Liam Morales,liammorales@hotmail.com,,miami,33150
(305) 510-1008,John Castro,johncastro@hotmail.com,,miami,33101
(310) 509-1015,Daniel Cruz,danielcruz@gmail.com,250 Cedar Ln,miami,33145
(308) 503-1017,William Walker,williamwalker@hotmail.com,256 Pine Rd,miami,33150
(310) 502-1004,Isabella Roberts,isabellaroberts@hotmail.com,424 Pine Rd,miami,33147
(309) 504-1002,Eve Ríos,everíos@hotmail.com,382 Oak Ave,miami,33132
(308) 503-1022,,,304 Elm St,miami,33101
(309) 505-1010,Ethan Brown,ethanbrown@google.com,355 Main St,miami,33142
(306) 505-1015,John Torres,johntorres@hotmail.com,936 Main St,miami,33156
(310) 502-1018,Ethan Jackson,ethanjackson@gmail.com,291 Elm St,miami,33101
(310) 507-1012,,,551 Cherry Ct,miami,33101
(307) 505-1013,Ella Adams,ellaadams@gmail.com,,miami,33125
(307) 507-1002,Alice Cruz,alicecruz@hotmail.com,648 Willow Way,miami,33142
(310) 500-1012,,,878 Main St,miami,33145
(307) 500-1011,Eve Sánchez,evesánchez@gmail.com,949 Cherry Ct,miami,33142
(307) 503-1020,Samuel Garcia,samuelgarcia@hotmail.com,726 Cherry Ct,miami,33156
(310) 505-1001,John Chavez,johnchavez@gmail.com,431 Cedar Ln,miami,33142
(308) 505-1015,James Green,jamesgreen@gmail.com,638 Pine Rd,miami,33136
(308) 506-1020,Chloe Morales,chloemorales@hotmail.com,896 Oak Ave,miami,33101
(309) 500-1013,William Roberts,williamroberts@google.com,861 Cherry Ct,miami,33145
(306) 503-1008,Mia Carter,miacarter@hotmail.com,768 Cherry Ct,miami,33145
(305) 503-1017,Alice Martin,alicemartin@google.com,521 Elm St,miami,33147
(305) 502-1009,Matthew Green,matthewgreen@google.com,123 Birch Blvd,miami,33132
(308) 503-1015,Charlie Jackson,charliejackson@google.com,480 Oak Ave,miami,33125
(309) 501-1016,Daniel Harris,danielharris@hotmail.com,426 Main St,miami,33136
(305) 508-1011,Ethan Ortega,ethanortega@hotmail.com,222 Pine Rd,miami,33150
(307) 501-1012,Daniel Williams,danielwilliams@hotmail.com,376 Willow Way,miami,33150
(308) 501-1020,Samuel Martin,samuelmartin@google.com,137 Cedar Ln,miami,33142
(308) 501-1013,,,343 Main St,miami,33142
(307) 509-1020,Ella Chavez,ellachavez@hotmail.com,184 Maple Dr,miami,33130
(308) 508-1016,James Adams,jamesadams@gmail.com,671 Cherry Ct,miami,33145
(306) 501-1010,Ethan Díaz,ethandíaz@gmail.com,348 Birch Blvd,miami,33145
(310) 504-1012,David Miller,davidmiller@gmail.com,703 Willow Way,miami,33136
(306) 511-1005,Charlotte Williams,charlottewilliams@google.com,275 Elm St,miami,33132
(306) 501-1007,Isabella Vázquez,isabellavázquez@google.com,104 Willow Way,miami,33130
(306) 511-1012,Mia Chavez,miachavez@gmail.com,,miami,33156
(306) 503-1018,,,748 Oak Ave,miami,33150
(307) 508-1020,Olivia Alvarez,oliviaalvarez@google.com,303 Pine Rd,miami,33136
(308) 511-1003,James Brown,jamesbrown@gmail.com,264 Main St,miami,33150
(307) 502-1005,Charlie Vázquez,charlievázquez@hotmail.com,550 Cedar Ln,miami,33125
(307) 508-1011,Samuel Morales,samuelmorales@google.com,655 Maple Dr,miami,33125
(306) 505-1008,,,,miami,33101
(310) 501-1004,Henry Johnson,henryjohnson@gmail.com,316 Birch Blvd,miami,33156
(309) 500-1002,Charlotte Brown,charlottebrown@gmail.com,435 Willow Way,miami,33147
(306) 509-1006,Liam Flores,liamflores@google.com,423 Maple Dr,miami,33130
(308) 507-1012,Charlotte Alvarez,charlottealvarez@google.com,,miami,33130
(307) 505-1014,,,380 Cherry Ct,miami,33150
(305) 502-1010,Henry Chavez,henrychavez@gmail.com,411 Cedar Ln,miami,33156
(310) 509-1000,Alice Reyes,alicereyes@hotmail.com,234 Willow Way,miami,33136
(307) 501-1019,Alice Ruiz,aliceruiz@gmail.com,,miami,33147
(307) 504-1019,Charlie Wilson,charliewilson@google.com,567 Main St,miami,33130
(307) 506-1005,James Miller,jamesmiller@hotmail.com,,miami,33136
(307) 509-1013,Olivia Ríos,oliviaríos@gmail.com,243 Cherry Ct,miami,33156
(306) 508-1006,David Green,davidgreen@gmail.com,426 Maple Dr,miami,33130
(307) 505-1006,Jack Cruz,jackcruz@google.com,353 Pine Rd,miami,33132
(308) 510-1014,Liam Ramírez,liamramírez@hotmail.com,591 Willow Way,miami,33145
(305) 506-1001,John Ortega,johnortega@gmail.com,721 Cedar Ln,miami,33147
(307) 510-1003,,,128 Oak Ave,miami,33156
(308) 505-1019,Bob Green,bobgreen@gmail.com,685 Maple Dr,miami,33156
(308) 506-1015,Alice Thompson,alicethompson@gmail.com,998 Pine Rd,miami,33156
(310) 505-1017,Avery Martin,averymartin@gmail.com,521 Birch Blvd,miami,33136
(310) 510-1000,Isabella Davis,isabelladavis@gmail.com,436 Main St,miami,33142
(305) 507-1005,,,870 Main St,miami,33150
(310) 509-1022,Ella Brown,ellabrown@gmail.com,987 Oak Ave,miami,33130
(308) 505-1005,Olivia Morales,oliviamorales@google.com,278 Main St,miami,33145
(305) 500-1001,Scarlett Wilson,scarlettwilson@hotmail.com,390 Maple Dr,miami,33142
(309) 503-1001,Bob Lee,boblee@google.com,946 Willow Way,miami,33101
(309) 500-1008,Samuel Davis,samueldavis@gmail.com,544 Pine Rd,miami,33147
(309) 506-1009,Henry Sánchez,henrysánchez@google.com,150 Pine Rd,miami,33130
(308) 502-1022,Ella Morales,ellamorales@hotmail.com,840 Willow Way,miami,33147
(310) 502-1002,Alexander Díaz,alexanderdíaz@hotmail.com,271 Elm St,miami,33142
(310) 506-1015,Charlotte Jackson,charlottejackson@gmail.com,686 Elm St,miami,33136
(309) 511-1004,Benjamin Morales,benjaminmorales@gmail.com,678 Oak Ave,miami,33150
(308) 510-1002,Scarlett Castro,scarlettcastro@google.com,924 Cedar Ln,miami,33101
(306) 508-1003,Scarlett Thompson,scarlettthompson@gmail.com,807 Oak Ave,miami,33132
(308) 511-1000,Samuel Alvarez,samuelalvarez@gmail.com,989 Birch Blvd,miami,33142
(308) 503-1018,Chloe Martin,chloemartin@google.com,676 Pine Rd,miami,33130
(306) 503-1007,Olivia Sánchez,oliviasánchez@google.com,828 Cedar Ln,miami,33132
(305) 510-1018,Matthew Castro,matthewcastro@gmail.com,380 Oak Ave,miami,33156
(306) 511-1010,,,,miami,33145
(310) 509-1001,Alice Ruiz,aliceruiz@gmail.com,,miami,33130
(310) 507-1016,Bob Walker,bobwalker@google.com,906 Cedar Ln,miami,33132
(308) 501-1005,Grace Baker,gracebaker@google.com,891 Cedar Ln,miami,33147
(308) 504-1005,Benjamin Harris,benjaminharris@hotmail.com,960 Main St,miami,33136
(309) 506-1019,Zoe Bautista,zoebautista@google.com,471 Elm St,miami,33136
(308) 511-1005,,,767 Pine Rd,miami,33101
(307) 502-1017,Bob Vázquez,bobvázquez@hotmail.com,122 Oak Ave,miami,33147
(309) 511-1005,Daniel Adams,danieladams@google.com,560 Maple Dr,miami,33125
(308) 504-1002,John Brown,johnbrown@google.com,863 Main St,miami,33147
(309) 507-1003,David Sánchez,davidsánchez@gmail.com,909 Cherry Ct,miami,33130
(305) 501-1018,Henry Ruiz,henryruiz@google.com,860 Pine Rd,miami,33142
(310) 504-1002,,,354 Cherry Ct,miami,33142
(307) 504-1011,Ethan White,ethanwhite@gmail.com,504 Elm St,miami,33132
(307) 511-1010,Matthew Smith,matthewsmith@gmail.com,966 Maple Dr,miami,33147
(308) 509-1003,Ethan Thompson,ethanthompson@hotmail.com,273 Oak Ave,miami,33142
(310) 510-1014,Avery Scott,averyscott@google.com,257 Cedar Ln,miami,33136
(309) 507-1004,Henry Bautista,henrybautista@google.com,,miami,33145
(308) 508-1005,Jack Scott,jackscott@google.com,102 Birch Blvd,miami,33142
(310) 506-1017,Charlotte Thompson,charlottethompson@google.com,,miami,33101
(310) 505-1016,Liam Chavez,liamchavez@google.com,931 Willow Way,miami,33130
(309) 501-1008,Liam Jiménez,liamjiménez@google.com,,miami,33136
(307) 511-1008,Zoe White,zoewhite@google.com,584 Elm St,miami,33101
(310) 501-1022,Liam Walker,liamwalker@hotmail.com,890 Maple Dr,miami,33101
(306) 502-1007,Alice Garcia,alicegarcia@gmail.com,472 Maple Dr,miami,33136
(306) 507-1007,Daniel Vázquez,danielvázquez@gmail.com,583 Oak Ave,miami,33147
(310) 503-1019,Jack Roberts,jackroberts@gmail.com,,miami,33145
(309) 509-1011,Alexander Ruiz,alexanderruiz@hotmail.com,,miami,33101
(308) 501-1011,John Martin,johnmartin@hotmail.com,855 Pine Rd,miami,33101
(308) 502-1010,Emma Adams,emmaadams@google.com,,miami,33156
(310) 507-1020,,,269 Cherry Ct,miami,33145
(307) 503-1015,,,545 Elm St,miami,33130
(305) 501-1010,William Williams,williamwilliams@gmail.com,323 Elm St,miami,33136
(305) 510-1009,,,862 Elm St,miami,33130
(309) 502-1021,Ella Sánchez,ellasánchez@google.com,823 Birch Blvd,miami,33147
(305) 506-1018,William Baker,williambaker@gmail.com,,miami,33156
(307) 510-1021,David Martin,davidmartin@hotmail.com,255 Main St,miami,33132
(305) 511-1021,Alexander Davis,alexanderdavis@hotmail.com,648 Birch Blvd,miami,33136
(306) 505-1016,,,823 Pine Rd,miami,33132
(309) 506-1006,Jack Vázquez,jackvázquez@hotmail.com,577 Main St,miami,33125
(309) 504-1004,Isabella Garcia,isabellagarcia@gmail.com,948 Main St,miami,33101
(307) 505-1021,Alice Ramírez,aliceramírez@hotmail.com,858 Cherry Ct,miami,33136
(305) 503-1014,Ella Young,ellayoung@hotmail.com,635 Pine Rd,miami,33132
(308) 506-1019,David Jiménez,davidjiménez@google.com,810 Main St,miami,33150
(310) 509-1011,Chloe Chavez,chloechavez@gmail.com,436 Cherry Ct,miami,33156
(305) 511-1014,John Ortega,johnortega@google.com,991 Maple Dr,miami,33136
(310) 511-1010,Ella Cruz,ellacruz@hotmail.com,856 Oak Ave,miami,33147
(310) 501-1012,Matthew Johnson,matthewjohnson@hotmail.com,663 Birch Blvd,miami,33130
(306) 509-1011,Ella King,ellaking@gmail.com,798 Pine Rd,miami,33145
(310) 508-1009,William Scott,williamscott@google.com,635 Main St,miami,33101
(309) 509-1015,Eve King,eveking@gmail.com,173 Elm St,miami,33130
(310) 510-1021,Scarlett White,scarlettwhite@google.com,441 Elm St,miami,33156
(309) 509-1017,Eve King,eveking@hotmail.com,772 Pine Rd,miami,33142
(308) 503-1012,Olivia Garcia,oliviagarcia@gmail.com,769 Cherry Ct,miami,33130
(306) 501-1016,Ethan Brown,ethanbrown@gmail.com,838 Cedar Ln,miami,33125
(305) 502-1016,Alice Jiménez,alicejiménez@gmail.com,,miami,33147
(309) 506-1020,Ella Green,ellagreen@hotmail.com,235 Main St,miami,33125
(308) 503-1019,Samuel Ramírez,samuelramírez@google.com,783 Elm St,miami,33101
(305) 501-1011,,,599 Oak Ave,miami,33101
(309) 501-1022,Daniel Williams,danielwilliams@hotmail.com,,miami,33136
(306) 502-1022,Avery Castro,averycastro@gmail.com,,miami,33130
(305) 505-1012,Ethan Smith,ethansmith@gmail.com,825 Cherry Ct,miami,33130
(309) 509-1006,Matthew Gutiérrez,matthewgutiérrez@google.com,,miami,33147
(310) 501-1000,William Davis,williamdavis@google.com,463 Maple Dr,miami,33130
(307) 506-1017,Emma Miller,emmamiller@google.com,708 Main St,miami,33136
(307) 503-1019,Alice Green,alicegreen@google.com,632 Pine Rd,miami,33150
(309) 508-1006,Mia Bautista,miabautista@gmail.com,692 Oak Ave,miami,33130
(305) 505-1017,Eve Ramírez,everamírez@hotmail.com,126 Elm St,miami,33142
(308) 509-1007,Matthew Castro,matthewcastro@google.com,752 Main St,miami,33130
(308) 511-1009,Henry Wilson,henrywilson@gmail.com,292 Cherry Ct,miami,33125
(305) 506-1014,Matthew Ortega,matthewortega@hotmail.com,529 Oak Ave,miami,33136
(308) 511-1010,James Brown,jamesbrown@hotmail.com,982 Cedar Ln,miami,33130
(306) 502-1008,Ethan Allen,ethanallen@google.com,,miami,33101
(310) 502-1010,William Lee,williamlee@google.com,897 Maple Dr,miami,33145
(306) 511-1021,,,682 Cherry Ct,miami,33150
(309) 509-1020,Jack Adams,jackadams@gmail.com,811 Pine Rd,miami,33147
(310) 501-1003,Zoe Roberts,zoeroberts@gmail.com,565 Willow Way,miami,33136
(308) 508-1002,Jack Jiménez,jackjiménez@gmail.com,781 Cherry Ct,miami,33130
(306) 500-1016,Matthew Cruz,matthewcruz@google.com,765 Birch Blvd,miami,33130
(306) 510-1008,,,481 Cedar Ln,miami,33147
(306) 511-1002,William Adams,williamadams@google.com,403 Birch Blvd,miami,33142
(307) 505-1020,Alice Sánchez,alicesánchez@google.com,559 Cedar Ln,miami,33145
(306) 509-1012,Scarlett King,scarlettking@google.com,,miami,33147
(310) 500-1014,Zoe Castro,zoecastro@hotmail.com,645 Cherry Ct,miami,33145
(310) 503-1006,Charlotte Roberts,charlotteroberts@hotmail.com,901 Pine Rd,miami,33150
(310) 511-1009,David Reyes,davidreyes@hotmail.com,606 Birch Blvd,miami,33125
(305) 508-1016,Alexander Rivera,alexanderrivera@gmail.com,114 Cherry Ct,miami,33147
(310) 504-1021,,,193 Birch Blvd,miami,33150
(310) 504-1007,Amelia Martin,ameliamartin@google.com,995 Elm St,miami,33132
(307) 507-1006,Alexander Young,alexanderyoung@hotmail.com,,miami,33156
(308) 504-1003,David Wilson,davidwilson@google.com,842 Pine Rd,miami,33130
(306) 511-1004,,,278 Cedar Ln,miami,33145
(310) 502-1022,James Martin,jamesmartin@gmail.com,,miami,33130
(310) 501-1002,Isabella Miller,isabellamiller@gmail.com,696 Oak Ave,miami,33125
(310) 507-1021,Mia Jones,miajones@google.com,150 Birch Blvd,miami,33132
(306) 508-1010,Henry Serrano,henryserrano@google.com,556 Oak Ave,miami,33147
(310) 507-1010,Jack Walker,jackwalker@google.com,369 Birch Blvd,miami,33142
(308) 503-1000,Olivia Lee,olivialee@hotmail.com,950 Main St,miami,33150
(308) 500-1003,Matthew Reyes,matthewreyes@gmail.com,192 Main St,miami,33125
(305) 501-1021,Mia Scott,miascott@hotmail.com,860 Cherry Ct,miami,33156
(309) 511-1007,Alice Baker,alicebaker@google.com,,miami,33136
(310) 502-1012,Alexander Jiménez,alexanderjiménez@gmail.com,865 Willow Way,miami,33132
(305) 511-1007,Ella Díaz,elladíaz@gmail.com,,miami,33156
(310) 509-1020,Jack Adams,jackadams@gmail.com,433 Cedar Ln,miami,33130
(306) 501-1013,Charlotte Wilson,charlottewilson@gmail.com,506 Cedar Ln,miami,33145
(309) 511-1000,Grace Ríos,graceríos@gmail.com,993 Willow Way,miami,33136
(308) 507-1008,Emma Garcia,emmagarcia@hotmail.com,453 Willow Way,miami,33130
(309) 502-1008,Emma Guerrero,emmaguerrero@google.com,,miami,33136
(307) 511-1012,Liam Miller,liammiller@google.com,991 Pine Rd,miami,33132
(309) 510-1007,John Jackson,johnjackson@google.com,450 Willow Way,miami,33156
(310) 509-1018,Ethan Castro,ethancastro@hotmail.com,470 Maple Dr,miami,33142
(305) 511-1016,Samuel Ramírez,samuelramírez@hotmail.com,448 Cherry Ct,miami,33142
(307) 510-1002,Chloe Castro,chloecastro@gmail.com,271 Cherry Ct,miami,33125
(307) 509-1001,Alice Brown,alicebrown@hotmail.com,974 Willow Way,miami,33136
(309) 509-1013,Samuel Adams,samueladams@google.com,,miami,33132
(305) 500-1014,Zoe Thompson,zoethompson@google.com,669 Birch Blvd,miami,33125
(307) 509-1005,Zoe Ortega,zoeortega@google.com,842 Birch Blvd,miami,33125
(309) 501-1013,Emma Miller,emmamiller@hotmail.com,,miami,33142
(305) 500-1013,Matthew Serrano,matthewserrano@google.com,111 Cedar Ln,miami,33136
(308) 511-1019,Emma Roberts,emmaroberts@hotmail.com,542 Elm St,miami,33101
(305) 508-1021,Matthew Brown,matthewbrown@gmail.com,607 Elm St,miami,33147
(307) 501-1005,Scarlett Carter,scarlettcarter@gmail.com,224 Main St,miami,33125
(310) 507-1013,Ethan Bautista,ethanbautista@google.com,608 Oak Ave,miami,33125
(307) 504-1004,Isabella Reyes,isabellareyes@hotmail.com,,miami,33101
(309) 508-1017,Ella Guerrero,ellaguerrero@hotmail.com,376 Birch Blvd,miami,33145
(305) 502-1006,Olivia Young,oliviayoung@hotmail.com,,miami,33136
(306) 501-1020,Charlie Bautista,charliebautista@gmail.com,400 Elm St,miami,33101
(308) 510-1015,Amelia Garcia,ameliagarcia@google.com,193 Oak Ave,miami,33147
(308) 507-1007,Henry Wilson,henrywilson@hotmail.com,,miami,33145
(310) 508-1021,Henry Reyes,henryreyes@hotmail.com,422 Main St,miami,33145
(307) 503-1010,,,947 Main St,miami,33147
(306) 509-1000,Zoe Serrano,zoeserrano@gmail.com,237 Pine Rd,miami,33156
(310) 509-1002,James Serrano,jamesserrano@gmail.com,466 Pine Rd,miami,33132
(307) 502-1016,Mia Green,miagreen@gmail.com,109 Birch Blvd,miami,33101
(310) 508-1004,Daniel Williams,danielwilliams@google.com,469 Elm St,miami,33150
(309) 506-1003,Isabella King,isabellaking@hotmail.com,836 Pine Rd,miami,33125
(307) 507-1008,Charlie Green,charliegreen@gmail.com,850 Cherry Ct,miami,33150
(309) 503-1014,Scarlett Carter,scarlettcarter@hotmail.com,894 Main St,miami,33136
(309) 507-1017,Matthew Reyes,matthewreyes@hotmail.com,458 Pine Rd,miami,33150
(310) 505-1022,Matthew Johnson,matthewjohnson@gmail.com,,miami,33101
(310) 502-1007,Isabella Green,isabellagreen@google.com,,miami,33156
(305) 500-1010,Zoe Rivera,zoerivera@hotmail.com,725 Pine Rd,miami,33145
(307) 503-1006,William Green,williamgreen@google.com,,miami,33101
(306) 510-1005,Olivia Gutiérrez,oliviagutiérrez@hotmail.com,557 Willow Way,miami,33150
(308) 503-1008,David Johnson,davidjohnson@google.com,515 Maple Dr,miami,33130
(308) 510-1011,Charlie Morales,charliemorales@gmail.com,124 Birch Blvd,miami,33130
(307) 510-1000,Charlie Martinez,charliemartinez@gmail.com,318 Cedar Ln,miami,33125
(309) 505-1022,Eve Serrano,eveserrano@hotmail.com,631 Cedar Ln,miami,33150
(307) 503-1009,Liam King,liamking@google.com,916 Cherry Ct,miami,33145
(308) 511-1004,Isabella Guerrero,isabellaguerrero@gmail.com,155 Cherry Ct,miami,33130
(308) 510-1007,Bob Brown,bobbrown@gmail.com,805 Elm St,miami,33130
(308) 509-1013,Alice Alvarez,alicealvarez@hotmail.com,352 Oak Ave,miami,33130
(307) 504-1018,Henry Smith,henrysmith@gmail.com,976 Cedar Ln,miami,33101
(306) 510-1001,Isabella Johnson,isabellajohnson@hotmail.com,,miami,33145
(308) 506-1014,Eve Smith,evesmith@gmail.com,268 Willow Way,miami,33136
(308) 511-1018,Charlie Ramírez,charlieramírez@google.com,344 Elm St,miami,33150
(309) 509-1005,Grace Williams,gracewilliams@google.com,869 Birch Blvd,miami,33132
(309) 508-1012,Samuel Jones,samueljones@gmail.com,,miami,33145
(307) 501-1021,Grace Ruiz,graceruiz@gmail.com,960 Oak Ave,miami,33125
(306) 502-1012,,,909 Main St,miami,33156
(310) 503-1013,,,741 Pine Rd,miami,33145
(310) 503-1008,Mia Sánchez,miasánchez@gmail.com,271 Maple Dr,miami,33147
(309) 502-1015,Henry Thompson,henrythompson@hotmail.com,709 Oak Ave,miami,33150
(305) 508-1008,Liam Bautista,liambautista@google.com,,miami,33101
(308) 500-1010,Charlie Morales,charliemorales@gmail.com,661 Main St,miami,33101
(305) 505-1003,Avery Guerrero,averyguerrero@gmail.com,,miami,33136
(310) 505-1020,Eve Baker,evebaker@google.com,,miami,33147
(307) 507-1007,Alexander Martinez,alexandermartinez@gmail.com,924 Oak Ave,miami,33125
(310) 507-1004,David Smith,davidsmith@hotmail.com,217 Oak Ave,miami,33142
(308) 503-1002,Liam Smith,liamsmith@hotmail.com,260 Cedar Ln,miami,33132
(309) 507-1020,,,429 Cherry Ct,miami,33136
(307) 510-1008,Charlotte Davis,charlottedavis@google.com,804 Oak Ave,miami,33150
(310) 510-1013,Ethan Ramírez,ethanramírez@hotmail.com,151 Maple Dr,miami,33125
(307) 506-1015,Charlie Ríos,charlieríos@gmail.com,,miami,33147
(305) 504-1005,William Chavez,williamchavez@hotmail.com,119 Birch Blvd,miami,33130
(310) 503-1022,Liam Martin,liammartin@google.com,,miami,33136
(310) 502-1005,,,808 Willow Way,miami,33101
(308) 510-1003,Matthew Lee,matthewlee@gmail.com,891 Willow Way,miami,33142
(309) 508-1020,Benjamin Smith,benjaminsmith@google.com,989 Maple Dr,miami,33101
(307) 509-1011,John Allen,johnallen@google.com,422 Birch Blvd,miami,33147
(305) 501-1004,Samuel Reyes,samuelreyes@gmail.com,,miami,33147
(309) 502-1003,William Castro,williamcastro@google.com,207 Oak Ave,miami,33130
(307) 501-1022,Alexander Ortega,alexanderortega@hotmail.com,,miami,33142
(306) 504-1006,Alexander Morales,alexandermorales@gmail.com,111 Main St,miami,33130
(309) 501-1004,John Martin,johnmartin@gmail.com,,miami,33142
(305) 511-1009,Olivia Gutiérrez,oliviagutiérrez@hotmail.com,433 Pine Rd,miami,33130
(308) 511-1017,David Castro,davidcastro@google.com,788 Cherry Ct,miami,33136
(310) 508-1015,Charlie White,charliewhite@gmail.com,639 Willow Way,miami,33125
(305) 502-1013,Chloe Chavez,chloechavez@hotmail.com,,miami,33150
(310) 506-1020,Ella Flores,ellaflores@hotmail.com,404 Main St,miami,33147
(305) 510-1016,Chloe Wilson,chloewilson@hotmail.com,514 Cherry Ct,miami,33136
(308) 500-1008,Olivia Jiménez,oliviajiménez@google.com,878 Cedar Ln,miami,33150
(308) 500-1006,Amelia Serrano,ameliaserrano@hotmail.com,,miami,33142
(308) 500-1014,,,976 Elm St,miami,33150
(306) 504-1022,Liam Harris,liamharris@hotmail.com,715 Pine Rd,miami,33150
(309) 506-1001,Emma Alvarez,emmaalvarez@google.com,160 Cedar Ln,miami,33130
(307) 506-1011,John Chavez,johnchavez@gmail.com,785 Birch Blvd,miami,33130
(308) 510-1019,,,514 Cedar Ln,miami,33142
(307) 505-1010,Zoe Green,zoegreen@gmail.com,491 Cherry Ct,miami,33142
(305) 500-1008,Scarlett King,scarlettking@hotmail.com,359 Elm St,miami,33125
(307) 500-1015,Daniel Mendoza,danielmendoza@google.com,445 Maple Dr,miami,33101
(305) 506-1017,Olivia Garcia,oliviagarcia@google.com,,miami,33132
(305) 501-1020,Olivia Vázquez,oliviavázquez@hotmail.com,589 Cherry Ct,miami,33142
(310) 508-1017,Daniel Guerrero,danielguerrero@gmail.com,885 Cherry Ct,miami,33101
(310) 504-1017,Bob Baker,bobbaker@gmail.com,133 Pine Rd,miami,33145
(306) 505-1013,Mia Gutiérrez,miagutiérrez@hotmail.com,328 Oak Ave,miami,33150
(309) 504-1001,Jack Young,jackyoung@gmail.com,646 Main St,miami,33147
(310) 511-1006,Grace Williams,gracewilliams@google.com,647 Maple Dr,miami,33147
(310) 507-1018,Olivia Jones,oliviajones@gmail.com,359 Elm St,miami,33156
(310) 505-1010,Charlie Johnson,charliejohnson@hotmail.com,409 Maple Dr,miami,33130
(306) 502-1019,,,435 Cherry Ct,miami,33150
(306) 508-1005,Grace Bautista,gracebautista@hotmail.com,,miami,33145
(307) 505-1000,Daniel Ríos,danielríos@google.com,980 Birch Blvd,miami,33156
(305) 510-1005,William Morales,williammorales@google.com,,miami,33101
(305) 502-1019,Olivia Adams,oliviaadams@hotmail.com,,miami,33136
(308) 503-1004,Amelia Castro,ameliacastro@gmail.com,,miami,33125
(307) 501-1014,Alice Carter,alicecarter@gmail.com,219 Elm St,miami,33156
(305) 506-1021,Jack Chavez,jackchavez@gmail.com,176 Oak Ave,miami,33125
(305) 508-1009,,,,miami,33156
(305) 506-1016,William Lee,williamlee@hotmail.com,939 Cedar Ln,miami,33125
(307) 505-1017,Charlotte Wilson,charlottewilson@hotmail.com,293 Cherry Ct,miami,33142
(305) 507-1017,Charlie Díaz,charliedíaz@google.com,520 Willow Way,miami,33136
(305) 509-1001,Daniel Thompson,danielthompson@gmail.com,499 Cherry Ct,miami,33145
(306) 511-1001,Scarlett Roberts,scarlettroberts@hotmail.com,712 Cherry Ct,miami,33145
(306) 503-1001,Isabella Díaz,isabelladíaz@gmail.com,647 Oak Ave,miami,33136
(306) 505-1004,Henry Serrano,henryserrano@gmail.com,274 Elm St,miami,33150
(306) 509-1020,Emma Guerrero,emmaguerrero@google.com,552 Maple Dr,miami,33145
(307) 511-1016,Samuel Vázquez,samuelvázquez@gmail.com,700 Main St,miami,33125
(306) 509-1009,Jack Alvarez,jackalvarez@gmail.com,,miami,33125
(308) 511-1021,Daniel Mendoza,danielmendoza@google.com,,miami,33125
(306) 508-1022,Amelia Ortega,ameliaortega@gmail.com,884 Pine Rd,miami,33101
(306) 507-1019,Henry Ramírez,henryramírez@gmail.com,513 Main St,miami,33150
(309) 504-1006,Alexander Mendoza,alexandermendoza@hotmail.com,217 Willow Way,miami,33150
(310) 510-1005,Benjamin Castro,benjamincastro@google.com,,miami,33136
(308) 506-1018,Matthew Ruiz,matthewruiz@gmail.com,616 Pine Rd,miami,33130
(306) 500-1019,,,363 Willow Way,miami,33142
(309) 504-1005,Olivia Johnson,oliviajohnson@hotmail.com,,miami,33130
(310) 505-1018,Matthew Bautista,matthewbautista@gmail.com,483 Willow Way,miami,33142
(308) 502-1008,Ella Smith,ellasmith@gmail.com,143 Oak Ave,miami,33130
(307) 508-1001,,,149 Pine Rd,miami,33130
(305) 506-1010,,,464 Maple Dr,miami,33130
(310) 504-1005,Mia Johnson,miajohnson@gmail.com,918 Birch Blvd,miami,33132
(308) 501-1016,Henry Morales,henrymorales@hotmail.com,398 Maple Dr,miami,33145
(309) 510-1005,Zoe Chavez,zoechavez@gmail.com,616 Main St,miami,33125
(310) 507-1003,Olivia Young,oliviayoung@gmail.com,419 Main St,miami,33145
(310) 505-1007,Henry Scott,henryscott@google.com,362 Cedar Ln,miami,33130
(305) 506-1002,,,400 Cedar Ln,miami,33145
(307) 507-1012,Bob Ramírez,bobramírez@gmail.com,,miami,33130
(306) 509-1018,Chloe Ortega,chloeortega@gmail.com,821 Pine Rd,miami,33145
(307) 511-1009,,,344 Oak Ave,miami,33156
(305) 503-1010,Ella Torres,ellatorres@gmail.com,657 Willow Way,miami,33101
(306) 509-1016,Zoe Smith,zoesmith@hotmail.com,,miami,33132
(307) 503-1013,Matthew Alvarez,matthewalvarez@gmail.com,355 Main St,miami,33156
(307) 502-1006,Eve Jackson,evejackson@google.com,989 Willow Way,miami,33150
(309) 500-1000,Alice White,alicewhite@hotmail.com,789 Birch Blvd,miami,33136
(310) 502-1016,Charlotte King,charlotteking@hotmail.com,654 Main St,miami,33136
(307) 504-1015,Alice Ortega,aliceortega@gmail.com,933 Cedar Ln,miami,33145
(310) 509-1008,Alexander Roberts,alexanderroberts@hotmail.com,,miami,33132
(310) 508-1000,Daniel Gutiérrez,danielgutiérrez@google.com,440 Pine Rd,miami,33145
(305) 511-1008,Jack Bautista,jackbautista@google.com,305 Birch Blvd,miami,33101
(305) 507-1016,Eve Ríos,everíos@google.com,610 Oak Ave,miami,33145
(310) 502-1003,,,642 Cedar Ln,miami,33147
(305) 510-1000,Charlotte Jackson,charlottejackson@hotmail.com,507 Birch Blvd,miami,33132
(306) 507-1006,,,232 Maple Dr,miami,33136
(307) 501-1007,Charlotte Sánchez,charlottesánchez@google.com,,miami,33142
(306) 510-1021,Avery Mendoza,averymendoza@google.com,376 Elm St,miami,33130
(305) 504-1013,Jack Rivera,jackrivera@gmail.com,665 Cedar Ln,miami,33147
(305) 508-1005,Matthew Ortega,matthewortega@hotmail.com,677 Oak Ave,miami,33150
(307) 510-1015,,,,miami,33142
(309) 508-1003,David Harris,davidharris@gmail.com,,miami,33130
(308) 500-1004,Charlotte Carter,charlottecarter@gmail.com,,miami,33132
(306) 504-1007,Mia Garcia,miagarcia@gmail.com,829 Main St,miami,33150
(306) 508-1008,Isabella Ramírez,isabellaramírez@gmail.com,784 Main St,miami,33147
(309) 510-1022,Scarlett Ríos,scarlettríos@gmail.com,389 Willow Way,miami,33156
(306) 500-1015,James White,jameswhite@hotmail.com,884 Birch Blvd,miami,33142
(309) 507-1005,,,541 Main St,miami,33147
(309) 510-1014,,,589 Elm St,miami,33130
(310) 511-1013,John Allen,johnallen@hotmail.com,736 Oak Ave,miami,33145
(309) 503-1005,Jack Lee,jacklee@hotmail.com,897 Elm St,miami,33132
(306) 510-1015,Alice Martin,alicemartin@gmail.com,696 Birch Blvd,miami,33145
(310) 503-1005,Matthew White,matthewwhite@google.com,,miami,33145
(309) 510-1021,Alice Roberts,aliceroberts@gmail.com,854 Elm St,miami,33125
(306) 505-1007,Alexander Reyes,alexanderreyes@hotmail.com,458 Cherry Ct,miami,33136
(307) 509-1018,Emma Flores,emmaflores@hotmail.com,625 Elm St,miami,33136
(305) 508-1020,Chloe Serrano,chloeserrano@gmail.com,,miami,33101
(305) 506-1013,Eve Bautista,evebautista@google.com,992 Cherry Ct,miami,33156
(310) 500-1002,,,833 Main St,miami,33130
(309) 502-1007,Chloe Sánchez,chloesánchez@hotmail.com,694 Cedar Ln,miami,33142
(306) 500-1010,Mia Davis,miadavis@hotmail.com,990 Cherry Ct,miami,33142
(305) 506-1019,Scarlett Flores,scarlettflores@google.com,658 Maple Dr,miami,33101
(307) 510-1009,,,241 Birch Blvd,miami,33142
(309) 506-1017,Chloe Miller,chloemiller@gmail.com,277 Elm St,miami,33132
(307) 510-1018,Charlotte Gutiérrez,charlottegutiérrez@gmail.com,454 Oak Ave,miami,33147
(305) 505-1009,,,753 Birch Blvd,miami,33132
(308) 501-1000,Grace Mendoza,gracemendoza@gmail.com,347 Oak Ave,miami,33130
(306) 507-1011,Alice Reyes,alicereyes@gmail.com,473 Main St,miami,33136
(306) 507-1003,Ella Johnson,ellajohnson@hotmail.com,,miami,33136
(310) 501-1005,,,481 Elm St,miami,33101
(309) 501-1006,Avery Harris,averyharris@google.com,690 Cherry Ct,miami,33156
(305) 504-1006,Emma Young,emmayoung@gmail.com,957 Elm St,miami,33130
(309) 508-1010,Jack Williams,jackwilliams@gmail.com,905 Cherry Ct,miami,33132
(308) 507-1010,Matthew Sánchez,matthewsánchez@hotmail.com,,miami,33125
(307) 504-1005,Chloe Thompson,chloethompson@hotmail.com,,miami,33147
(308) 507-1020,Ella Martin,ellamartin@google.com,225 Pine Rd,miami,33125
(308) 504-1017,Amelia Young,ameliayoung@google.com,223 Willow Way,miami,33136
(305) 503-1011,Isabella Vázquez,isabellavázquez@gmail.com,734 Cedar Ln,miami,33130
(307) 503-1017,Grace Rivera,gracerivera@hotmail.com,302 Pine Rd,miami,33156
(308) 509-1016,William Torres,williamtorres@google.com,,miami,33130
(309) 504-1015,David Alvarez,davidalvarez@gmail.com,,miami,33147
(306) 506-1021,Mia Rivera,miarivera@google.com,414 Oak Ave,miami,33145
(307) 506-1009,,,355 Birch Blvd,miami,33147
(305) 511-1003,John Serrano,johnserrano@hotmail.com,637 Cherry Ct,miami,33125
(307) 506-1013,,,681 Willow Way,miami,33136
(308) 506-1013,Avery Roberts,averyroberts@google.com,530 Birch Blvd,miami,33142
(306) 507-1021,Emma Brown,emmabrown@hotmail.com,,miami,33130
(306) 508-1011,Olivia Ramírez,oliviaramírez@google.com,638 Cherry Ct,miami,33150
(307) 500-1020,Alice Miller,alicemiller@gmail.com,658 Main St,miami,33125
(310) 505-1003,Ella Reyes,ellareyes@gmail.com,102 Birch Blvd,miami,33145
(310) 508-1002,Isabella Garcia,isabellagarcia@google.com,,miami,33136
(308) 505-1014,Zoe Harris,zoeharris@gmail.com,237 Pine Rd,miami,33145
(309) 511-1021,William Harris,williamharris@hotmail.com,340 Cedar Ln,miami,33156
(310) 502-1013,Eve Flores,eveflores@hotmail.com,439 Maple Dr,miami,33156
(309) 504-1011,Olivia Lee,olivialee@gmail.com,673 Pine Rd,miami,33125
(305) 507-1020,Olivia Vázquez,oliviavázquez@google.com,155 Cedar Ln,miami,33136
(308) 505-1007,Ella Ortega,ellaortega@google.com,684 Pine Rd,miami,33130
(308) 501-1003,Olivia Martin,oliviamartin@gmail.com,662 Pine Rd,miami,33150
(307) 502-1018,Grace Roberts,graceroberts@gmail.com,575 Willow Way,miami,33125
(309) 507-1013,John Harris,johnharris@gmail.com,486 Elm St,miami,33156
(309) 500-1016,Daniel Allen,danielallen@google.com,605 Cedar Ln,miami,33142
(307) 505-1012,David Sánchez,davidsánchez@gmail.com,,miami,33130
(305) 503-1008,Emma Walker,emmawalker@google.com,321 Main St,miami,33156
(310) 508-1013,Olivia Bautista,oliviabautista@gmail.com,842 Elm St,miami,33150
(308) 510-1005,David Sánchez,davidsánchez@hotmail.com,516 Pine Rd,miami,33142
(308) 504-1021,Charlie Davis,charliedavis@gmail.com,366 Willow Way,miami,33150
(307) 501-1018,Henry Cruz,henrycruz@gmail.com,541 Willow Way,miami,33125
(309) 508-1005,,,300 Willow Way,miami,33101
(305) 506-1015,Eve Ruiz,everuiz@hotmail.com,968 Pine Rd,miami,33125
(308) 506-1009,Isabella Jones,isabellajones@hotmail.com,393 Pine Rd,miami,33132
(307) 508-1019,Chloe Vázquez,chloevázquez@google.com,290 Maple Dr,miami,33101
(310) 505-1004,Matthew Roberts,matthewroberts@hotmail.com,517 Willow Way,miami,33156
(308) 508-1018,Zoe Harris,zoeharris@hotmail.com,659 Maple Dr,miami,33142
(306) 500-1012,Eve Flores,eveflores@google.com,290 Main St,miami,33130
(308) 501-1001,Ethan Roberts,ethanroberts@hotmail.com,705 Cherry Ct,miami,33132
(309) 507-1008,Amelia Carter,ameliacarter@gmail.com,743 Maple Dr,miami,33150
(307) 509-1022,Zoe Johnson,zoejohnson@gmail.com,295 Elm St,miami,33147
(306) 508-1019,David Martinez,davidmartinez@gmail.com,789 Pine Rd,miami,33142
(308) 500-1022,Olivia Jiménez,oliviajiménez@gmail.com,550 Maple Dr,miami,33101
(310) 503-1018,Ethan King,ethanking@hotmail.com,,miami,33125
(308) 502-1004,Olivia Mendoza,oliviamendoza@gmail.com,629 Main St,miami,33132
(306) 501-1018,John Johnson,johnjohnson@google.com,834 Elm St,miami,33125
(310) 510-1017,Avery King,averyking@gmail.com,237 Maple Dr,miami,33142
(306) 510-1009,Amelia Ramírez,ameliaramírez@hotmail.com,,miami,33136
(306) 504-1003,,,315 Elm St,miami,33147
(307) 511-1021,Ella Smith,ellasmith@google.com,157 Maple Dr,miami,33130
(310) 507-1015,Daniel Sánchez,danielsánchez@google.com,310 Maple Dr,miami,33156
(307) 504-1010,Avery Díaz,averydíaz@gmail.com,472 Cedar Ln,miami,33125
(305) 507-1002,Avery Morales,averymorales@google.com,,miami,33136
(307) 504-1014,Ethan Walker,ethanwalker@google.com,,miami,33101
(308) 504-1010,,,244 Cherry Ct,miami,33142
(309) 510-1003,Samuel Castro,samuelcastro@hotmail.com,203 Maple Dr,miami,33136
(310) 503-1012,Zoe Jones,zoejones@gmail.com,709 Pine Rd,miami,33101
(307) 502-1002,Bob Alvarez,bobalvarez@google.com,909 Elm St,miami,33147
(305) 503-1012,Avery Carter,averycarter@google.com,937 Oak Ave,miami,33136
(306) 503-1004,William Green,williamgreen@google.com,715 Cedar Ln,miami,33132
(308) 507-1000,,,,miami,33136
(308) 501-1008,Isabella Brown,isabellabrown@google.com,,miami,33147
(305) 507-1011,Alexander Ortega,alexanderortega@hotmail.com,,miami,33125
(309) 509-1002,Henry Castro,henrycastro@hotmail.com,616 Cherry Ct,miami,33150
(306) 506-1004,Eve Walker,evewalker@gmail.com,483 Oak Ave,miami,33145
(307) 500-1001,David Ramírez,davidramírez@google.com,167 Cherry Ct,miami,33150
(310) 502-1009,Chloe Rivera,chloerivera@hotmail.com,502 Main St,miami,33125
(309) 509-1007,Scarlett Harris,scarlettharris@hotmail.com,242 Cedar Ln,miami,33130
(310) 504-1004,David Díaz,daviddíaz@gmail.com,241 Main St,miami,33145
(309) 504-1008,,,,miami,33156
(307) 506-1000,Bob Cruz,bobcruz@gmail.com,192 Willow Way,miami,33145
(306) 510-1000,Amelia Carter,ameliacarter@hotmail.com,284 Main St,miami,33101
(310) 511-1021,Ella Martinez,ellamartinez@hotmail.com,782 Cedar Ln,miami,33101
(305) 501-1002,Ethan Ruiz,ethanruiz@google.com,,miami,33130
(305) 509-1007,Jack Jackson,jackjackson@google.com,222 Oak Ave,miami,33150
(308) 500-1001,John Gutiérrez,johngutiérrez@google.com,,miami,33142
(306) 500-1003,Liam Scott,liamscott@gmail.com,428 Main St,miami,33142
(309) 503-1017,Isabella Baker,isabellabaker@google.com,795 Pine Rd,miami,33125
(305) 503-1000,Charlie Serrano,charlieserrano@google.com,412 Birch Blvd,miami,33101
(310) 508-1011,David Harris,davidharris@hotmail.com,738 Maple Dr,miami,33156
(305) 502-1018,Mia Reyes,miareyes@gmail.com,513 Pine Rd,miami,33125
(307) 502-1009,Olivia Gutiérrez,oliviagutiérrez@gmail.com,,miami,33132
(310) 503-1003,James Harris,jamesharris@hotmail.com,849 Cherry Ct,miami,33150
(308) 507-1005,Samuel Mendoza,samuelmendoza@hotmail.com,,miami,33142
(305) 504-1009,Charlie Castro,charliecastro@gmail.com,868 Cherry Ct,miami,33142
(307) 509-1007,Emma Smith,emmasmith@hotmail.com,503 Main St,miami,33150
(305) 500-1000,Zoe Young,zoeyoung@hotmail.com,,miami,33136
(310) 508-1019,Bob Harris,bobharris@gmail.com,672 Elm St,miami,33150
(310) 508-1005,Alice Serrano,aliceserrano@hotmail.com,340 Cedar Ln,miami,33132
(307) 508-1021,Mia Garcia,miagarcia@hotmail.com,200 Birch Blvd,miami,33130
(308) 507-1001,Scarlett Harris,scarlettharris@hotmail.com,478 Main St,miami,33125
(310) 510-1003,Scarlett Walker,scarlettwalker@gmail.com,431 Maple Dr,miami,33156
(308) 508-1010,Ethan Williams,ethanwilliams@gmail.com,868 Main St,miami,33136
(309) 511-1018,Jack Harris,jackharris@gmail.com,336 Pine Rd,miami,33156
(307) 507-1021,Scarlett Castro,scarlettcastro@hotmail.com,315 Main St,miami,33101
(307) 511-1011,Eve Morales,evemorales@hotmail.com,612 Maple Dr,miami,33156
(305) 509-1008,William Garcia,williamgarcia@google.com,341 Maple Dr,miami,33150
(305) 509-1004,James Miller,jamesmiller@gmail.com,773 Willow Way,miami,33156
(306) 510-1020,James Jones,jamesjones@gmail.com,993 Willow Way,miami,33156
(306) 504-1016,Ella Guerrero,ellaguerrero@google.com,453 Main St,miami,33132
(306) 504-1001,Jack Sánchez,jacksánchez@gmail.com,751 Cedar Ln,miami,33130
(308) 506-1004,James Wilson,jameswilson@gmail.com,106 Birch Blvd,miami,33125
(307) 511-1002,,,,miami,33150
(307) 503-1005,Eve Rivera,everivera@hotmail.com,,miami,33156
(306) 500-1007,Charlie Rivera,charlierivera@hotmail.com,140 Maple Dr,miami,33136
(305) 500-1022,Scarlett Martin,scarlettmartin@gmail.com,223 Oak Ave,miami,33101
(309) 509-1022,Eve Green,evegreen@gmail.com,420 Pine Rd,miami,33147
(307) 501-1003,Amelia Miller,ameliamiller@google.com,,miami,33147
(307) 508-1004,,,657 Willow Way,miami,33130
(308) 510-1017,Mia Reyes,miareyes@google.com,962 Birch Blvd,miami,33142
(310) 511-1008,Emma Lee,emmalee@gmail.com,525 Cedar Ln,miami,33147
(310) 504-1011,Benjamin Scott,benjaminscott@gmail.com,199 Birch Blvd,miami,33101
(305) 501-1022,Liam Torres,liamtorres@google.com,474 Maple Dr,miami,33132
(308) 508-1008,Bob Ortega,bobortega@google.com,553 Cedar Ln,miami,33130
(305) 509-1015,Isabella Ortega,isabellaortega@gmail.com,941 Maple Dr,miami,33156
(306) 506-1000,Jack Lee,jacklee@google.com,303 Pine Rd,miami,33150
(305) 508-1019,Alice Torres,alicetorres@gmail.com,911 Maple Dr,miami,33156
(308) 505-1018,Daniel Young,danielyoung@hotmail.com,269 Pine Rd,miami,33125
(307) 501-1020,Charlie Jones,charliejones@google.com,,miami,33156
(305) 510-1019,Henry Harris,henryharris@google.com,698 Birch Blvd,miami,33130
(305) 509-1014,,,,miami,33101
(307) 500-1005,Liam Bautista,liambautista@hotmail.com,662 Cedar Ln,miami,33156
(309) 511-1012,Jack Wilson,jackwilson@hotmail.com,,miami,33142
(305) 504-1004,Scarlett Williams,scarlettwilliams@gmail.com,442 Maple Dr,miami,33142
(308) 506-1001,Zoe Green,zoegreen@google.com,801 Cedar Ln,miami,33147
(310) 500-1019,,,513 Elm St,miami,33150
(308) 510-1010,Daniel Jiménez,danieljiménez@gmail.com,424 Willow Way,miami,33150
(305) 507-1013,Charlie Vázquez,charlievázquez@gmail.com,,miami,33101
(305) 504-1011,James Wilson,jameswilson@gmail.com,771 Oak Ave,miami,33130
(309) 501-1011,John Reyes,johnreyes@google.com,289 Willow Way,miami,33136
(309) 510-1011,James Martin,jamesmartin@hotmail.com,687 Pine Rd,miami,33101
(307) 509-1012,Benjamin Ramírez,benjaminramírez@hotmail.com,273 Maple Dr,miami,33101
(306) 507-1014,Emma Miller,emmamiller@hotmail.com,,miami,33150
(306) 506-1015,Avery Johnson,averyjohnson@gmail.com,456 Pine Rd,miami,33130
(306) 505-1010,David Allen,davidallen@gmail.com,180 Oak Ave,miami,33150
(309) 511-1011,Eve Díaz,evedíaz@google.com,874 Maple Dr,miami,33125
(308) 510-1021,Alice Martin,alicemartin@hotmail.com,279 Elm St,miami,33101
(308) 509-1017,,,432 Cherry Ct,miami,33125
(306) 501-1004,Emma Carter,emmacarter@hotmail.com,,miami,33156
(306) 504-1017,,,826 Pine Rd,miami,33125
(306) 511-1020,Amelia Scott,ameliascott@gmail.com,939 Elm St,miami,33132
(305) 509-1020,Eve Jackson,evejackson@gmail.com,874 Cedar Ln,miami,33147
(308) 504-1022,Amelia Ruiz,ameliaruiz@google.com,298 Cherry Ct,miami,33136
(307) 503-1021,,,527 Willow Way,miami,33150
(307) 503-1012,Mia Jackson,miajackson@gmail.com,267 Cherry Ct,miami,33156
(306) 507-1016,Grace Guerrero,graceguerrero@google.com,,miami,33125
(306) 509-1008,William King,williamking@hotmail.com,802 Cedar Ln,miami,33101
(306) 504-1014,Avery Ortega,averyortega@google.com,562 Willow Way,miami,33101
(307) 511-1006,William Guerrero,williamguerrero@hotmail.com,,miami,33132
(305) 506-1007,Charlie Jackson,charliejackson@gmail.com,151 Cedar Ln,miami,33145
(305) 508-1006,Samuel Gutiérrez,samuelgutiérrez@google.com,775 Elm St,miami,33156
(310) 501-1020,Eve Ortega,eveortega@hotmail.com,,miami,33132
(309) 502-1019,Jack Williams,jackwilliams@google.com,,miami,33130
(310) 504-1010,Ella Young,ellayoung@gmail.com,735 Elm St,miami,33147
(308) 501-1015,Chloe Harris,chloeharris@gmail.com,430 Maple Dr,miami,33150
(306) 507-1017,Charlie Jiménez,charliejiménez@hotmail.com,,miami,33125
(305) 510-1014,Charlie Reyes,charliereyes@gmail.com,,miami,33150
(308) 510-1018,Avery Jackson,averyjackson@google.com,171 Maple Dr,miami,33142
(310) 501-1017,Alexander Lee,alexanderlee@google.com,,miami,33156
(309) 501-1014,Alice Carter,alicecarter@gmail.com,152 Cedar Ln,miami,33156
(308) 511-1013,William Baker,williambaker@gmail.com,189 Willow Way,miami,33125
(310) 508-1006,Olivia Ramírez,oliviaramírez@hotmail.com,724 Main St,miami,33147
(305) 504-1022,Jack Adams,jackadams@google.com,387 Cherry Ct,miami,33156
(308) 508-1001,Alice Ríos,aliceríos@gmail.com,226 Birch Blvd,miami,33145
(305) 504-1015,John Martin,johnmartin@gmail.com,769 Main St,miami,33132
(307) 508-1005,,,203 Willow Way,miami,33145
(310) 500-1022,Henry Rivera,henryrivera@hotmail.com,933 Birch Blvd,miami,33147
(309) 510-1004,,,459 Elm St,miami,33147
(309) 504-1017,,,657 Elm St,miami,33101
(308) 509-1008,Olivia Baker,oliviabaker@google.com,397 Elm St,miami,33156
(308) 500-1018,,,785 Pine Rd,miami,33145
(309) 506-1000,Charlotte Baker,charlottebaker@gmail.com,,miami,33132
(309) 505-1004,,,353 Maple Dr,miami,33132
(308) 505-1002,Eve Cruz,evecruz@google.com,,miami,33150
(309) 500-1009,Liam Cruz,liamcruz@gmail.com,108 Maple Dr,miami,33130
(307) 500-1008,Alice Jones,alicejones@hotmail.com,442 Cherry Ct,miami,33125
(310) 500-1011,Benjamin Torres,benjamintorres@hotmail.com,402 Birch Blvd,miami,33147
(310) 507-1011,Isabella Young,isabellayoung@gmail.com,,miami,33125
(308) 509-1012,Henry Jones,henryjones@google.com,385 Cedar Ln,miami,33142
(310) 511-1007,Ella Miller,ellamiller@gmail.com,866 Birch Blvd,miami,33132
(307) 500-1002,Avery Davis,averydavis@gmail.com,834 Cherry Ct,miami,33130
(305) 504-1002,,,709 Maple Dr,miami,33136
(308) 500-1020,,,479 Elm St,miami,33132
(308) 510-1000,Matthew Chavez,matthewchavez@gmail.com,,miami,33101
(309) 500-1004,David Sánchez,davidsánchez@hotmail.com,983 Elm St,miami,33156
(306) 507-1012,,,686 Cedar Ln,miami,33145
(310) 510-1019,Chloe Baker,chloebaker@hotmail.com,885 Pine Rd,miami,33142
(306) 510-1007,Daniel Serrano,danielserrano@google.com,808 Cherry Ct,miami,33101
(307) 508-1000,Alice Ruiz,aliceruiz@hotmail.com,834 Pine Rd,miami,33130
(305) 501-1008,Bob Roberts,bobroberts@gmail.com,322 Cedar Ln,miami,33101
(307) 508-1014,Emma Ortega,emmaortega@google.com,,miami,33150
(306) 507-1000,Benjamin Guerrero,benjaminguerrero@gmail.com,,miami,33150
(305) 504-1000,Samuel Flores,samuelflores@google.com,625 Birch Blvd,miami,33136
(309) 507-1009,Amelia Green,ameliagreen@hotmail.com,165 Willow Way,miami,33101
(305) 504-1017,Daniel Jiménez,danieljiménez@google.com,784 Oak Ave,miami,33142
(310) 504-1009,Olivia Ríos,oliviaríos@google.com,393 Willow Way,miami,33147
(305) 501-1005,Zoe Miller,zoemiller@hotmail.com,872 Willow Way,miami,33125
(308) 503-1014,Daniel Baker,danielbaker@google.com,899 Cedar Ln,miami,33147
(305) 505-1002,John Gutiérrez,johngutiérrez@google.com,,miami,33132
(310) 511-1014,,,701 Maple Dr,miami,33156
(307) 505-1002,Samuel Vázquez,samuelvázquez@gmail.com,457 Birch Blvd,miami,33145
(309) 511-1001,Liam King,liamking@google.com,,miami,33125
(306) 500-1011,Samuel Walker,samuelwalker@google.com,499 Cedar Ln,miami,33142
(309) 500-1022,Samuel Green,samuelgreen@gmail.com,985 Main St,miami,33147
(309) 508-1015,Eve Alvarez,evealvarez@gmail.com,940 Main St,miami,33142
(307) 508-1015,Ella Ramírez,ellaramírez@hotmail.com,428 Willow Way,miami,33147
(310) 510-1016,Charlie Young,charlieyoung@google.com,105 Pine Rd,miami,33145
(310) 506-1007,Samuel Brown,samuelbrown@hotmail.com,364 Pine Rd,miami,33125
(307) 505-1011,Isabella Jackson,isabellajackson@hotmail.com,877 Pine Rd,miami,33136
(310) 503-1020,David Serrano,davidserrano@google.com,448 Elm St,miami,33150
(307) 510-1007,,,996 Main St,miami,33156
(308) 511-1014,Avery Ramírez,averyramírez@hotmail.com,,miami,33150
(310) 500-1003,Emma Sánchez,emmasánchez@gmail.com,384 Elm St,miami,33132
(306) 506-1016,Benjamin Wilson,benjaminwilson@gmail.com,,miami,33150
(309) 511-1015,Isabella Jones,isabellajones@hotmail.com,,miami,33101
(309) 506-1008,Zoe Flores,zoeflores@google.com,133 Pine Rd,miami,33101
(310) 511-1022,William Bautista,williambautista@hotmail.com,945 Pine Rd,miami,33150
(310) 503-1002,Emma Gutiérrez,emmagutiérrez@hotmail.com,310 Main St,miami,33150
(307) 510-1006,Avery Williams,averywilliams@google.com,,miami,33132
(309) 508-1016,Eve Harris,eveharris@google.com,903 Pine Rd,miami,33150
(307) 503-1003,,,340 Cherry Ct,miami,33136
(310) 509-1019,Samuel Gutiérrez,samuelgutiérrez@google.com,,miami,33132
(310) 501-1011,Isabella Baker,isabellabaker@google.com,202 Cedar Ln,miami,33156
(310) 504-1006,Chloe Carter,chloecarter@google.com,811 Cherry Ct,miami,33130
(309) 504-1021,,,763 Birch Blvd,miami,33132
(310) 506-1014,Mia Smith,miasmith@google.com,699 Maple Dr,miami,33125
(309) 503-1015,Alexander Scott,alexanderscott@google.com,248 Birch Blvd,miami,33145
(309) 502-1017,,,311 Cherry Ct,miami,33142
(306) 510-1017,Isabella Smith,isabellasmith@google.com,,miami,33130
(306) 511-1015,Alice Johnson,alicejohnson@google.com,687 Maple Dr,miami,33145
(306) 500-1001,Henry Allen,henryallen@hotmail.com,925 Cedar Ln,miami,33132
(310) 505-1012,Charlie Adams,charlieadams@hotmail.com,298 Oak Ave,miami,33145
(307) 506-1002,Alexander Díaz,alexanderdíaz@google.com,,miami,33156
(307) 508-1012,Bob Baker,bobbaker@hotmail.com,193 Cherry Ct,miami,33136
(305) 511-1001,James Scott,jamesscott@hotmail.com,,miami,33125
(305) 503-1018,Mia Ramírez,miaramírez@google.com,797 Elm St,miami,33125
(309) 511-1010,Henry Martin,henrymartin@hotmail.com,790 Elm St,miami,33132
(308) 509-1001,Grace Gutiérrez,gracegutiérrez@hotmail.com,524 Cherry Ct,miami,33101
(310) 501-1008,Ethan Smith,ethansmith@hotmail.com,344 Willow Way,miami,33132
(306) 506-1019,David Chavez,davidchavez@hotmail.com,115 Pine Rd,miami,33136
(307) 511-1005,Ella Green,ellagreen@google.com,253 Birch Blvd,miami,33156
(305) 506-1003,Samuel Walker,samuelwalker@gmail.com,245 Maple Dr,miami,33156
(310) 501-1009,Mia Castro,miacastro@gmail.com,320 Elm St,miami,33147
(310) 508-1001,Scarlett Allen,scarlettallen@hotmail.com,401 Main St,miami,33147
(306) 510-1018,Daniel Thompson,danielthompson@gmail.com,130 Elm St,miami,33136
(306) 509-1021,Mia Green,miagreen@hotmail.com,305 Oak Ave,miami,33145
(306) 503-1010,,,556 Cherry Ct,miami,33147
(309) 502-1018,Charlie Walker,charliewalker@gmail.com,997 Main St,miami,33101
(308) 510-1008,Grace King,graceking@google.com,301 Willow Way,miami,33142
(305) 500-1004,Samuel Castro,samuelcastro@gmail.com,863 Main St,miami,33101
(309) 503-1000,Matthew Sánchez,matthewsánchez@hotmail.com,649 Cedar Ln,miami,33125
(308) 504-1020,Zoe Thompson,zoethompson@google.com,,miami,33142
(308) 511-1011,Emma Sánchez,emmasánchez@google.com,,miami,33156
(310) 506-1004,Liam Smith,liamsmith@hotmail.com,557 Pine Rd,miami,33150
(307) 504-1013,Eve White,evewhite@google.com,811 Pine Rd,miami,33147
(305) 503-1022,Amelia Sánchez,ameliasánchez@hotmail.com,722 Cherry Ct,miami,33142
(310) 508-1016,Benjamin Green,benjamingreen@gmail.com,462 Maple Dr,miami,33147
(308) 501-1021,,,698 Cherry Ct,miami,33130
(307) 510-1020,David Adams,davidadams@hotmail.com,735 Cherry Ct,miami,33101
(306) 504-1012,,,631 Oak Ave,miami,33147
(309) 502-1020,,,,miami,33132
(310) 504-1019,Mia Wilson,miawilson@google.com,427 Cedar Ln,miami,33145
(308) 507-1003,Samuel Thompson,samuelthompson@google.com,687 Pine Rd,miami,33101
(309) 508-1007,Isabella Smith,isabellasmith@gmail.com,285 Willow Way,miami,33145
(309) 500-1012,Grace Jackson,gracejackson@hotmail.com,389 Maple Dr,miami,33136
(308) 502-1017,Avery Alvarez,averyalvarez@google.com,302 Elm St,miami,33147
(308) 500-1000,,,533 Willow Way,miami,33156
(309) 506-1012,William Ríos,williamríos@gmail.com,126 Maple Dr,miami,33130
(308) 509-1004,Jack Sánchez,jacksánchez@google.com,904 Willow Way,miami,33130
(308) 502-1005,Charlotte Young,charlotteyoung@google.com,554 Cherry Ct,miami,33142
(305) 501-1003,Avery White,averywhite@gmail.com,101 Oak Ave,miami,33145
(305) 501-1019,Scarlett Torres,scarletttorres@gmail.com,929 Birch Blvd,miami,33142
(307) 500-1006,Scarlett Ramírez,scarlettramírez@hotmail.com,713 Elm St,miami,33125
(310) 506-1012,Benjamin Lee,benjaminlee@hotmail.com,104 Main St,miami,33125
(309) 507-1014,Olivia Ramírez,oliviaramírez@gmail.com,935 Cedar Ln,miami,33150
(309) 506-1022,Ella Morales,ellamorales@hotmail.com,453 Elm St,miami,33150
(307) 508-1013,,,564 Maple Dr,miami,33156
(308) 502-1021,Zoe Harris,zoeharris@google.com,675 Cherry Ct,miami,33125
(308) 504-1006,,,454 Cherry Ct,miami,33101
(305) 511-1018,Scarlett Young,scarlettyoung@gmail.com,961 Oak Ave,miami,33150
(310) 510-1004,Chloe White,chloewhite@google.com,214 Main St,miami,33142
(307) 511-1017,Eve Thompson,evethompson@hotmail.com,952 Cherry Ct,miami,33156
(310) 508-1018,,,706 Willow Way,miami,33125
(306) 505-1000,James Cruz,jamescruz@gmail.com,694 Main St,miami,33145
(306) 509-1013,Alice Serrano,aliceserrano@hotmail.com,734 Cherry Ct,miami,33101
(309) 504-1013,Alexander Wilson,alexanderwilson@gmail.com,540 Willow Way,miami,33136
(306) 507-1004,Ella Ramírez,ellaramírez@gmail.com,249 Pine Rd,miami,33156
(307) 500-1009,Scarlett Scott,scarlettscott@gmail.com,100 Pine Rd,miami,33145
(308) 504-1001,Isabella Walker,isabellawalker@hotmail.com,,miami,33125
(310) 501-1018,Daniel Thompson,danielthompson@google.com,,miami,33136
(306) 503-1019,Charlie Ramírez,charlieramírez@google.com,780 Maple Dr,miami,33130
(308) 504-1014,Daniel Walker,danielwalker@google.com,302 Main St,miami,33125
(310) 500-1018,Benjamin Thompson,benjaminthompson@google.com,,miami,33132
(307) 504-1016,,,409 Birch Blvd,miami,33156
(309) 501-1003,Alice Green,alicegreen@hotmail.com,505 Pine Rd,miami,33136
(307) 501-1013,Matthew Jones,matthewjones@hotmail.com,493 Birch Blvd,miami,33125
(309) 509-1003,Zoe Garcia,zoegarcia@google.com,269 Maple Dr,miami,33136
(309) 506-1005,John Green,johngreen@google.com,846 Cherry Ct,miami,33125
(305) 502-1000,William Williams,williamwilliams@gmail.com,600 Oak Ave,miami,33132
(308) 508-1012,,,797 Willow Way,miami,33145
(310) 501-1021,Avery Gutiérrez,averygutiérrez@google.com,632 Oak Ave,miami,33142
(307) 501-1011,,,694 Oak Ave,miami,33130
(308) 502-1015,William Cruz,williamcruz@gmail.com,391 Willow Way,miami,33156
(310) 504-1016,Alexander Lee,alexanderlee@google.com,990 Cherry Ct,miami,33101
(307) 506-1006,Liam Jackson,liamjackson@google.com,902 Elm St,miami,33130
(310) 500-1020,Jack Chavez,jackchavez@google.com,245 Elm St,miami,33150
(306) 503-1017,William Torres,williamtorres@hotmail.com,,miami,33145
(310) 500-1007,Charlie Jiménez,charliejiménez@hotmail.com,861 Main St,miami,33125
(306) 505-1002,,,575 Willow Way,miami,33125
(306) 507-1008,Matthew Jackson,matthewjackson@hotmail.com,851 Maple Dr,miami,33130
(308) 505-1010,Alexander Reyes,alexanderreyes@gmail.com,179 Pine Rd,miami,33156
(306) 501-1005,Emma Johnson,emmajohnson@google.com,725 Elm St,miami,33125
(305) 506-1006,David Scott,davidscott@gmail.com,847 Willow Way,miami,33101
(309) 510-1020,Benjamin White,benjaminwhite@gmail.com,,miami,33130
(307) 506-1012,Scarlett Wilson,scarlettwilson@google.com,228 Cedar Ln,miami,33130
(310) 500-1009,Matthew Carter,matthewcarter@hotmail.com,771 Willow Way,miami,33132
(309) 509-1001,Amelia Baker,ameliabaker@google.com,,miami,33132
(306) 502-1015,Emma Torres,emmatorres@google.com,499 Willow Way,miami,33125
(305) 505-1006,James Ruiz,jamesruiz@gmail.com,492 Oak Ave,miami,33125
